test_set,linqmap_type,linqmap_subtype,x,y
0,ROAD_CLOSED,ROAD_CLOSED_EVENT,178578.91999999993,665596.5600000005
1,ROAD_CLOSED,ROAD_CLOSED_EVENT,178618.1799999997,665686.4600000009
3,ROAD_CLOSED,,179117.66000000015,663981.2599999998
4,ROAD_CLOSED,ROAD_CLOSED_EVENT,177366.4400000004,661908.0899999999
5,ROAD_CLOSED,ROAD_CLOSED_EVENT,177401.2000000002,662045.3599999994
6,ROAD_CLOSED,ROAD_CLOSED_EVENT,180244.75,664183.7100000009
7,JAM,JAM_STAND_STILL_TRAFFIC,182872.4000000004,669542.1799999997
8,ROAD_CLOSED,ROAD_CLOSED_EVENT,180770.2999999998,661493.5800000001
9,ROAD_CLOSED,ROAD_CLOSED_EVENT,177395.46999999974,662145.5199999996
10,ROAD_CLOSED,ROAD_CLOSED_EVENT,179748.33000000007,666135.5099999998
11,ROAD_CLOSED,ROAD_CLOSED_EVENT,179075.4500000002,663147.9499999993
12,JAM,,180903.6200000001,664848.1199999992
13,ROAD_CLOSED,ROAD_CLOSED_EVENT,179116.38999999966,665972.2300000004
14,JAM,JAM_STAND_STILL_TRAFFIC,179114.2000000002,663968.3000000007
15,ROAD_CLOSED,ROAD_CLOSED_EVENT,178491.23000000045,663020.3100000005
16,ROAD_CLOSED,ROAD_CLOSED_EVENT,179193.58000000007,662978.9499999993
18,ROAD_CLOSED,ROAD_CLOSED_EVENT,177381.6299999999,661904.2699999996
22,JAM,JAM_HEAVY_TRAFFIC,178973.6900000004,667172.4100000001
23,ROAD_CLOSED,ROAD_CLOSED_EVENT,178578.91999999993,665596.5600000005
24,JAM,JAM_HEAVY_TRAFFIC,178524.8099999996,664865.4299999997
26,ROAD_CLOSED,ROAD_CLOSED_EVENT,177321.38999999966,661428.4299999997
27,ROAD_CLOSED,ROAD_CLOSED_EVENT,177347.7999999998,661625.0600000005
29,ROAD_CLOSED,ROAD_CLOSED_EVENT,180770.2999999998,661493.5800000001
31,ROAD_CLOSED,ROAD_CLOSED_EVENT,177395.46999999974,662145.5199999996
32,ROAD_CLOSED,ROAD_CLOSED_EVENT,180759.6799999997,661531.8699999992
33,ROAD_CLOSED,ROAD_CLOSED_EVENT,177419.7000000002,662364.0999999996
34,ROAD_CLOSED,ROAD_CLOSED_EVENT,179116.7000000002,665979.1099999994
36,ROAD_CLOSED,ROAD_CLOSED_EVENT,179055.76999999955,663114.8699999992
37,ROAD_CLOSED,ROAD_CLOSED_EVENT,179193.58000000007,662978.9499999993
38,ROAD_CLOSED,ROAD_CLOSED_EVENT,177395.46999999974,662145.5199999996
40,ROAD_CLOSED,ROAD_CLOSED_EVENT,176766.50999999978,661726.2799999993
41,ROAD_CLOSED,ROAD_CLOSED_EVENT,177405.6900000004,662240.8399999999
45,ROAD_CLOSED,ROAD_CLOSED_EVENT,178909.51999999955,666038.7699999996
48,ROAD_CLOSED,ROAD_CLOSED_EVENT,180244.75,664183.7100000009
49,ROAD_CLOSED,ROAD_CLOSED_EVENT,177356.33999999985,661702.3200000003
50,ROAD_CLOSED,ROAD_CLOSED_EVENT,177363.59999999963,661768.3800000008
51,ROAD_CLOSED,ROAD_CLOSED_EVENT,180759.6799999997,661531.8699999992
53,ROAD_CLOSED,ROAD_CLOSED_EVENT,179107.7000000002,663112.9000000004
54,ROAD_CLOSED,ROAD_CLOSED_EVENT,179116.7000000002,665979.1099999994
55,ROAD_CLOSED,ROAD_CLOSED_EVENT,179182.24000000022,665961.1099999994
57,ROAD_CLOSED,ROAD_CLOSED_EVENT,178733.74000000022,662995.6600000001
58,ROAD_CLOSED,ROAD_CLOSED_EVENT,177403.1200000001,662212.1300000008
60,JAM,JAM_MODERATE_TRAFFIC,178099.73000000045,664676.4100000001
63,ROAD_CLOSED,ROAD_CLOSED_EVENT,179211.83999999985,663036.8800000008
66,ROAD_CLOSED,ROAD_CLOSED_EVENT,180770.2999999998,661493.5800000001
68,ROAD_CLOSED,ROAD_CLOSED_EVENT,177366.4400000004,661908.0899999999
69,ROAD_CLOSED,ROAD_CLOSED_EVENT,177401.2000000002,662045.3599999994
70,ROAD_CLOSED,ROAD_CLOSED_EVENT,178540.1799999997,663026.1099999994
72,JAM,JAM_STAND_STILL_TRAFFIC,180864.1200000001,665488.6699999999
75,ROAD_CLOSED,ROAD_CLOSED_EVENT,179107.7000000002,663112.9000000004
76,ROAD_CLOSED,ROAD_CLOSED_EVENT,179116.38999999966,665972.2300000004
77,JAM,JAM_MODERATE_TRAFFIC,177233.48000000045,660431.0600000005
80,ROAD_CLOSED,ROAD_CLOSED_EVENT,179022.34999999963,665899.0600000005
82,ROAD_CLOSED,ROAD_CLOSED_EVENT,177381.6299999999,661904.2699999996
84,JAM,,179602.45999999996,663842.2599999998
86,ROAD_CLOSED,ROAD_CLOSED_EVENT,178661.00999999978,663015.4499999993
89,ROAD_CLOSED,ROAD_CLOSED_EVENT,179225.83999999985,663041.8200000003
90,JAM,JAM_STAND_STILL_TRAFFIC,177879.3200000003,662796.0700000003
94,JAM,JAM_STAND_STILL_TRAFFIC,184842.75,668597.9100000001
95,ROAD_CLOSED,ROAD_CLOSED_EVENT,178693.75,665885.8900000006
99,ROAD_CLOSED,ROAD_CLOSED_EVENT,178693.75,665885.8900000006
100,JAM,JAM_STAND_STILL_TRAFFIC,180888.59999999963,664771.7699999996
101,ROAD_CLOSED,ROAD_CLOSED_EVENT,178813.41999999993,666065.5299999993
102,ROAD_CLOSED,ROAD_CLOSED_EVENT,179100.08999999985,663100.0700000003
103,ROAD_CLOSED,ROAD_CLOSED_EVENT,178547.0,665523.4900000002
104,ROAD_CLOSED,ROAD_CLOSED_EVENT,177437.83000000007,662499.7699999996
109,ROAD_CLOSED,ROAD_CLOSED_EVENT,178578.91999999993,665596.5600000005
110,ROAD_CLOSED,ROAD_CLOSED_EVENT,182658.25999999975,669383.8599999994
111,ROAD_CLOSED,ROAD_CLOSED_EVENT,178618.1799999997,665686.4600000009
112,ROAD_CLOSED,ROAD_CLOSED_EVENT,178909.51999999955,666038.7699999996
113,ROAD_CLOSED,ROAD_CLOSED_EVENT,177426.34999999963,662419.4100000001
117,ROAD_CLOSED,ROAD_CLOSED_EVENT,178580.53000000026,663032.5
118,ROAD_CLOSED,ROAD_CLOSED_EVENT,180759.6799999997,661531.8699999992
119,ROAD_CLOSED,ROAD_CLOSED_EVENT,178626.95999999996,663024.7799999993
120,ROAD_CLOSED,ROAD_CLOSED_EVENT,177386.4299999997,662058.9399999995
122,JAM,JAM_STAND_STILL_TRAFFIC,184611.2999999998,669556.8900000006
123,ROAD_CLOSED,ROAD_CLOSED_EVENT,179182.24000000022,665961.1099999994
124,ROAD_CLOSED,ROAD_CLOSED_EVENT,178491.23000000045,663020.3100000005
125,ROAD_CLOSED,ROAD_CLOSED_EVENT,180135.2000000002,662368.6999999993
126,JAM,JAM_STAND_STILL_TRAFFIC,182532.29000000004,668246.8000000007
127,ROAD_CLOSED,ROAD_CLOSED_EVENT,179115.53000000026,665875.9800000004
128,ROAD_CLOSED,ROAD_CLOSED_EVENT,178547.0,665523.4900000002
129,ROAD_CLOSED,ROAD_CLOSED_EVENT,177437.83000000007,662499.7699999996
133,ACCIDENT,,182475.98000000045,668101.9700000007
135,ROAD_CLOSED,ROAD_CLOSED_EVENT,180636.83000000007,664833.2699999996
140,ROAD_CLOSED,ROAD_CLOSED_EVENT,180749.91999999995,661572.5
141,ROAD_CLOSED,ROAD_CLOSED_EVENT,180770.2999999998,661493.5800000001
143,ROAD_CLOSED,ROAD_CLOSED_EVENT,178626.95999999996,663024.7799999993
144,JAM,JAM_STAND_STILL_TRAFFIC,178279.73000000045,664849.2799999993
145,ROAD_CLOSED,ROAD_CLOSED_EVENT,179116.38999999966,665972.2300000004
146,JAM,JAM_MODERATE_TRAFFIC,178942.04000000004,666192.7899999991
147,ROAD_CLOSED,ROAD_CLOSED_EVENT,176901.25999999978,661672.7599999998
148,ROAD_CLOSED,ROAD_CLOSED_EVENT,176766.50999999978,661726.2799999993
153,JAM,JAM_STAND_STILL_TRAFFIC,178600.40000000037,664407.5999999996
156,ROAD_CLOSED,ROAD_CLOSED_EVENT,179084.16000000015,663131.1799999997
157,ROAD_CLOSED,ROAD_CLOSED_EVENT,177434.91000000015,662363.7100000009
158,ROAD_CLOSED,ROAD_CLOSED_EVENT,180770.2999999998,661493.5800000001
160,ROAD_CLOSED,ROAD_CLOSED_EVENT,177349.91999999993,661773.3100000005
161,JAM,JAM_HEAVY_TRAFFIC,176656.91000000015,660906.9800000004
162,ROAD_CLOSED,ROAD_CLOSED_EVENT,179055.76999999955,663114.8699999992
163,ROAD_CLOSED,ROAD_CLOSED_EVENT,179100.08999999985,663100.0700000003
164,ROAD_CLOSED,ROAD_CLOSED_EVENT,177403.1200000001,662212.1300000008
167,ROAD_CLOSED,ROAD_CLOSED_EVENT,178672.3799999999,665806.7899999991
168,JAM,JAM_MODERATE_TRAFFIC,178513.16999999993,660960.7300000004
169,JAM,JAM_HEAVY_TRAFFIC,180804.41000000012,667515.9000000004
172,ROAD_CLOSED,ROAD_CLOSED_EVENT,178540.1799999997,663026.1099999994
173,ROAD_CLOSED,ROAD_CLOSED_EVENT,177395.46999999974,662145.5199999996
174,JAM,JAM_STAND_STILL_TRAFFIC,182418.6799999997,668074.3499999996
175,JAM,JAM_HEAVY_TRAFFIC,181464.50999999975,669691.0
176,JAM,JAM_HEAVY_TRAFFIC,179648.7000000002,666369.3200000003
180,JAM,JAM_STAND_STILL_TRAFFIC,181399.8899999997,662955.0899999999
181,JAM,JAM_STAND_STILL_TRAFFIC,183294.16999999995,670474.0800000001
183,ROAD_CLOSED,ROAD_CLOSED_EVENT,178747.04000000004,666085.1899999995
184,ROAD_CLOSED,ROAD_CLOSED_EVENT,178618.1799999997,665686.4600000009
185,ROAD_CLOSED,ROAD_CLOSED_EVENT,180770.2999999998,661493.5800000001
186,ROAD_CLOSED,ROAD_CLOSED_EVENT,177426.34999999963,662419.4100000001
191,ROAD_CLOSED,ROAD_CLOSED_EVENT,179748.33000000007,666135.5099999998
193,ROAD_CLOSED,ROAD_CLOSED_EVENT,179075.4500000002,663147.9499999993
194,ROAD_CLOSED,ROAD_CLOSED_EVENT,177349.91999999993,661773.3100000005
195,JAM,JAM_HEAVY_TRAFFIC,181989.5599999996,668809.9700000007
196,ROAD_CLOSED,ROAD_CLOSED_EVENT,179182.24000000022,665961.1099999994
197,ROAD_CLOSED,ROAD_CLOSED_EVENT,178813.41999999993,666065.5299999993
198,ROAD_CLOSED,ROAD_CLOSED_EVENT,178733.74000000022,662995.6600000001
199,JAM,JAM_STAND_STILL_TRAFFIC,179550.23000000045,664367.3100000005
200,ROAD_CLOSED,ROAD_CLOSED_EVENT,177437.83000000007,662499.7699999996
204,JAM,JAM_STAND_STILL_TRAFFIC,178872.5599999996,663233.0
206,ROAD_CLOSED,ROAD_CLOSED_EVENT,180636.83000000007,664833.2699999996
209,ROAD_CLOSED,ROAD_CLOSED_EVENT,177426.34999999963,662419.4100000001
210,ROAD_CLOSED,ROAD_CLOSED_EVENT,177347.7999999998,661625.0600000005
211,ROAD_CLOSED,ROAD_CLOSED_EVENT,180244.75,664183.7100000009
214,ROAD_CLOSED,ROAD_CLOSED_EVENT,179748.33000000007,666135.5099999998
215,ROAD_CLOSED,ROAD_CLOSED_EVENT,179075.4500000002,663147.9499999993
217,ROAD_CLOSED,ROAD_CLOSED_EVENT,178693.75,665885.8900000006
218,JAM,JAM_HEAVY_TRAFFIC,177232.48000000045,662310.0299999993
219,ROAD_CLOSED,ROAD_CLOSED_EVENT,179055.76999999955,663114.8699999992
221,ROAD_CLOSED,ROAD_CLOSED_EVENT,179115.53000000026,665875.9800000004
222,ROAD_CLOSED,ROAD_CLOSED_EVENT,177403.1200000001,662212.1300000008
223,ROAD_CLOSED,ROAD_CLOSED_EVENT,178747.04000000004,666085.1899999995
225,ROAD_CLOSED,ROAD_CLOSED_EVENT,176901.25999999978,661672.7599999998
227,ROAD_CLOSED,ROAD_CLOSED_EVENT,177424.86000000034,662262.4000000004
229,JAM,,178402.66000000015,663723.4800000004
230,ROAD_CLOSED,ROAD_CLOSED_EVENT,177401.2000000002,662045.3599999994
233,ROAD_CLOSED,ROAD_CLOSED_EVENT,177395.46999999974,662145.5199999996
234,ROAD_CLOSED,ROAD_CLOSED_EVENT,178626.95999999996,663024.7799999993
236,ROAD_CLOSED,ROAD_CLOSED_EVENT,179116.7000000002,665979.1099999994
237,ROAD_CLOSED,ROAD_CLOSED_EVENT,179182.24000000022,665961.1099999994
239,ROAD_CLOSED,ROAD_CLOSED_EVENT,179115.53000000026,665875.9800000004
240,ROAD_CLOSED,ROAD_CLOSED_EVENT,177381.6299999999,661904.2699999996
244,JAM,JAM_STAND_STILL_TRAFFIC,178222.04000000004,663799.6799999997
245,WEATHERHAZARD,HAZARD_ON_ROAD_CAR_STOPPED,180752.21,667143.3900000006
247,ROAD_CLOSED,ROAD_CLOSED_EVENT,179084.16000000015,663131.1799999997
249,ROAD_CLOSED,ROAD_CLOSED_EVENT,177334.5,661514.4299999997
254,ROAD_CLOSED,ROAD_CLOSED_EVENT,179177.2000000002,662945.9700000007
257,JAM,JAM_MODERATE_TRAFFIC,178824.03000000026,666876.4399999995
260,ROAD_CLOSED,ROAD_CLOSED_EVENT,179062.41999999993,665885.5
261,ROAD_CLOSED,ROAD_CLOSED_EVENT,177403.1200000001,662212.1300000008
263,JAM,JAM_STAND_STILL_TRAFFIC,179724.86000000034,661451.1699999999
264,JAM,JAM_HEAVY_TRAFFIC,181081.4000000004,672157.0299999993
267,ROAD_CLOSED,ROAD_CLOSED_EVENT,180636.83000000007,664833.2699999996
271,ROAD_CLOSED,ROAD_CLOSED_EVENT,177401.2000000002,662045.3599999994
273,ROAD_CLOSED,ROAD_CLOSED_EVENT,180770.2999999998,661493.5800000001
274,ROAD_CLOSED,ROAD_CLOSED_EVENT,178693.75,665885.8900000006
275,ROAD_CLOSED,ROAD_CLOSED_EVENT,178626.95999999996,663024.7799999993
276,ROAD_CLOSED,ROAD_CLOSED_EVENT,177386.4299999997,662058.9399999995
277,ROAD_CLOSED,ROAD_CLOSED_EVENT,177412.58000000007,662309.3499999996
283,ROAD_CLOSED,ROAD_CLOSED_EVENT,180344.96,664164.5899999999
284,ROAD_CLOSED,ROAD_CLOSED_EVENT,180789.41999999995,661429.6300000008
285,JAM,JAM_STAND_STILL_TRAFFIC,184008.9000000004,668253.75
286,ROAD_CLOSED,ROAD_CLOSED_EVENT,180794.6399999997,661410.1999999993
287,ROAD_CLOSED,ROAD_CLOSED_EVENT,178747.04000000004,666085.1899999995
290,JAM,JAM_HEAVY_TRAFFIC,178185.66999999993,664983.2599999998
291,ROAD_CLOSED,ROAD_CLOSED_EVENT,179045.6900000004,665999.7799999993
293,ROAD_CLOSED,ROAD_CLOSED_EVENT,177401.2000000002,662045.3599999994
294,WEATHERHAZARD,,178810.98000000045,665168.1999999993
295,ROAD_CLOSED,ROAD_CLOSED_EVENT,178698.5599999996,663005.4399999995
296,JAM,,181323.5,664471.7200000007
297,ROAD_CLOSED,ROAD_CLOSED_EVENT,180468.24000000025,661860.9900000002
300,ROAD_CLOSED,ROAD_CLOSED_EVENT,179116.38999999966,665972.2300000004
304,JAM,,178312.74000000022,661801.3900000006
305,ROAD_CLOSED,ROAD_CLOSED_EVENT,178547.0,665523.4900000002
306,ROAD_CLOSED,ROAD_CLOSED_EVENT,177437.83000000007,662499.7699999996
307,ROAD_CLOSED,ROAD_CLOSED_EVENT,176766.50999999978,661726.2799999993
308,ROAD_CLOSED,ROAD_CLOSED_EVENT,178618.1799999997,665686.4600000009
312,JAM,JAM_STAND_STILL_TRAFFIC,179290.08999999985,663936.0299999993
314,JAM,,179532.88999999966,663582.1400000006
315,ROAD_CLOSED,ROAD_CLOSED_EVENT,177413.54000000004,662175.6099999994
316,ROAD_CLOSED,ROAD_CLOSED_EVENT,178580.53000000026,663032.5
320,ROAD_CLOSED,ROAD_CLOSED_EVENT,179116.38999999966,665972.2300000004
322,JAM,JAM_STAND_STILL_TRAFFIC,179372.6799999997,663760.0700000003
323,ROAD_CLOSED,ROAD_CLOSED_EVENT,178813.41999999993,666065.5299999993
324,ROAD_CLOSED,ROAD_CLOSED_EVENT,179193.58000000007,662978.9499999993
326,ROAD_CLOSED,ROAD_CLOSED_EVENT,180789.41999999995,661429.6300000008
327,JAM,JAM_STAND_STILL_TRAFFIC,183882.9299999997,668154.9800000004
328,JAM,JAM_STAND_STILL_TRAFFIC,179514.33999999985,663547.2799999993
329,JAM,JAM_STAND_STILL_TRAFFIC,180425.36000000036,664520.6899999995
330,JAM,JAM_STAND_STILL_TRAFFIC,180118.65000000037,664879.8100000005
334,JAM,,179216.8099999996,663433.6300000008
336,ROAD_CLOSED,ROAD_CLOSED_EVENT,178540.1799999997,663026.1099999994
337,JAM,JAM_HEAVY_TRAFFIC,178164.71999999974,663216.8200000003
338,JAM,,179349.6799999997,664008.8800000008
340,ROAD_CLOSED,ROAD_CLOSED_EVENT,179107.7000000002,663112.9000000004
341,JAM,JAM_HEAVY_TRAFFIC,177179.16000000015,662546.8800000008
343,ROAD_CLOSED,ROAD_CLOSED_EVENT,180135.2000000002,662368.6999999993
344,ROAD_CLOSED,ROAD_CLOSED_EVENT,179062.41999999993,665885.5
347,ROAD_CLOSED,ROAD_CLOSED_EVENT,178661.00999999978,663015.4499999993
348,ROAD_CLOSED,ROAD_CLOSED_EVENT,179211.83999999985,663036.8800000008
349,JAM,,183608.79000000004,668199.5899999999
350,JAM,JAM_HEAVY_TRAFFIC,182339.01999999955,667996.25
351,JAM,,177974.25999999978,662363.4499999993
353,JAM,JAM_STAND_STILL_TRAFFIC,180162.53000000023,662401.6400000006
356,JAM,JAM_HEAVY_TRAFFIC,180080.34999999963,664864.6500000004
357,JAM,JAM_HEAVY_TRAFFIC,179714.86000000034,662928.6300000008
358,JAM,JAM_STAND_STILL_TRAFFIC,183835.75,670426.3399999999
359,JAM,JAM_STAND_STILL_TRAFFIC,180694.53000000023,667241.5299999993
360,JAM,JAM_STAND_STILL_TRAFFIC,180933.6399999997,665496.5099999998
363,ROAD_CLOSED,ROAD_CLOSED_EVENT,180794.6399999997,661410.1999999993
364,JAM,JAM_STAND_STILL_TRAFFIC,180329.1900000004,669003.8800000008
367,ROAD_CLOSED,ROAD_CLOSED_EVENT,180770.2999999998,661493.5800000001
368,JAM,JAM_MODERATE_TRAFFIC,182196.99000000025,668416.9600000009
372,ROAD_CLOSED,ROAD_CLOSED_EVENT,178626.95999999996,663024.7799999993
373,JAM,JAM_STAND_STILL_TRAFFIC,178395.51999999955,663827.1899999995
374,ROAD_CLOSED,ROAD_CLOSED_EVENT,177412.58000000007,662309.3499999996
375,JAM,JAM_HEAVY_TRAFFIC,181320.4500000002,671844.6300000008
377,ROAD_CLOSED,ROAD_CLOSED_EVENT,179116.7000000002,665979.1099999994
378,ROAD_CLOSED,ROAD_CLOSED_EVENT,176766.50999999978,661726.2799999993
382,JAM,JAM_STAND_STILL_TRAFFIC,183894.84999999963,668217.9199999999
383,ROAD_CLOSED,ROAD_CLOSED_EVENT,179045.6900000004,665999.7799999993
384,JAM,JAM_HEAVY_TRAFFIC,181101.74000000025,663830.5999999996
385,ROAD_CLOSED,ROAD_CLOSED_EVENT,178580.53000000026,663032.5
386,ROAD_CLOSED,ROAD_CLOSED_EVENT,180759.6799999997,661531.8699999992
388,ROAD_CLOSED,ROAD_CLOSED_EVENT,179116.7000000002,665979.1099999994
389,JAM,JAM_STAND_STILL_TRAFFIC,181190.24000000025,663105.3599999994
390,ROAD_CLOSED,ROAD_CLOSED_EVENT,178813.41999999993,666065.5299999993
394,JAM,JAM_HEAVY_TRAFFIC,180896.99000000025,662947.5600000005
395,ROAD_CLOSED,ROAD_CLOSED_EVENT,180794.6399999997,661410.1999999993
397,JAM,JAM_STAND_STILL_TRAFFIC,180670.0499999998,663492.0099999998
398,ROAD_CLOSED,ROAD_CLOSED_EVENT,178909.51999999955,666038.7699999996
399,ROAD_CLOSED,ROAD_CLOSED_EVENT,177334.5,661514.4299999997
400,ROAD_CLOSED,ROAD_CLOSED_EVENT,178540.1799999997,663026.1099999994
401,ROAD_CLOSED,ROAD_CLOSED_EVENT,178698.5599999996,663005.4399999995
402,ROAD_CLOSED,ROAD_CLOSED_EVENT,179748.33000000007,666135.5099999998
403,ROAD_CLOSED,ROAD_CLOSED_EVENT,179107.7000000002,663112.9000000004
404,JAM,,181006.09999999963,663883.0800000001
409,ROAD_CLOSED,ROAD_CLOSED_EVENT,180774.2199999997,661479.4800000004
411,ROAD_CLOSED,ROAD_CLOSED_EVENT,178618.1799999997,665686.4600000009
412,JAM,JAM_STAND_STILL_TRAFFIC,178230.25,663098.6999999993
413,ROAD_CLOSED,ROAD_CLOSED_EVENT,178909.51999999955,666038.7699999996
415,JAM,JAM_STAND_STILL_TRAFFIC,183692.71,669140.8599999994
416,ROAD_CLOSED,ROAD_CLOSED_EVENT,178540.1799999997,663026.1099999994
417,ROAD_CLOSED,ROAD_CLOSED_EVENT,177356.33999999985,661702.3200000003
419,JAM,JAM_STAND_STILL_TRAFFIC,179656.28000000026,666496.5999999996
422,JAM,JAM_STAND_STILL_TRAFFIC,181535.08000000007,663628.4700000007
423,ROAD_CLOSED,ROAD_CLOSED_EVENT,177412.58000000007,662309.3499999996
424,ROAD_CLOSED,ROAD_CLOSED_EVENT,178678.98000000045,665826.8399999999
428,ROAD_CLOSED,ROAD_CLOSED_EVENT,177381.6299999999,661904.2699999996
430,JAM,JAM_HEAVY_TRAFFIC,177228.71999999974,662700.6099999994
431,JAM,JAM_STAND_STILL_TRAFFIC,180898.26999999955,664832.5099999998
432,ROAD_CLOSED,ROAD_CLOSED_EVENT,178672.3799999999,665806.7899999991
433,JAM,JAM_STAND_STILL_TRAFFIC,180545.25,664909.6899999995
434,ROAD_CLOSED,ROAD_CLOSED_EVENT,182658.25999999975,669383.8599999994
436,ROAD_CLOSED,ROAD_CLOSED_EVENT,179694.4400000004,665825.2200000007
438,ROAD_CLOSED,ROAD_CLOSED_EVENT,177347.7999999998,661625.0600000005
439,ROAD_CLOSED,ROAD_CLOSED_EVENT,178540.1799999997,663026.1099999994
441,ROAD_CLOSED,ROAD_CLOSED_EVENT,180468.24000000025,661860.9900000002
442,ROAD_CLOSED,ROAD_CLOSED_EVENT,179177.2000000002,662945.9700000007
443,JAM,JAM_STAND_STILL_TRAFFIC,178529.15000000037,666038.6600000001
444,ROAD_CLOSED,ROAD_CLOSED_EVENT,179116.7000000002,665979.1099999994
445,JAM,JAM_STAND_STILL_TRAFFIC,180028.54000000004,664016.3000000007
446,ROAD_CLOSED,ROAD_CLOSED_EVENT,179062.41999999993,665885.5
447,ROAD_CLOSED,ROAD_CLOSED_EVENT,179022.34999999963,665899.0600000005
448,ROAD_CLOSED,ROAD_CLOSED_EVENT,179116.7000000002,665979.1099999994
450,JAM,JAM_HEAVY_TRAFFIC,180386.0700000003,666413.0
452,JAM,JAM_HEAVY_TRAFFIC,179073.1200000001,663465.2300000004
453,ROAD_CLOSED,ROAD_CLOSED_EVENT,182658.25999999975,669383.8599999994
456,ROAD_CLOSED,ROAD_CLOSED_EVENT,177321.38999999966,661428.4299999997
457,ROAD_CLOSED,ROAD_CLOSED_EVENT,177413.54000000004,662175.6099999994
458,ROAD_CLOSED,ROAD_CLOSED_EVENT,180749.91999999995,661572.5
459,ROAD_CLOSED,ROAD_CLOSED_EVENT,177363.59999999963,661768.3800000008
460,JAM,JAM_HEAVY_TRAFFIC,179624.34999999963,663765.3200000003
462,ROAD_CLOSED,ROAD_CLOSED_EVENT,177419.7000000002,662364.0999999996
464,ROAD_CLOSED,ROAD_CLOSED_EVENT,179182.24000000022,665961.1099999994
467,ROAD_CLOSED,ROAD_CLOSED_EVENT,177381.6299999999,661904.2699999996
469,ROAD_CLOSED,ROAD_CLOSED_EVENT,178661.00999999978,663015.4499999993
470,ROAD_CLOSED,ROAD_CLOSED_EVENT,178576.95999999996,661132.4800000004
472,ROAD_CLOSED,ROAD_CLOSED_EVENT,179225.83999999985,663041.8200000003
473,ROAD_CLOSED,ROAD_CLOSED_EVENT,178909.51999999955,666038.7699999996
478,ROAD_CLOSED,ROAD_CLOSED_EVENT,177395.46999999974,662145.5199999996
479,ROAD_CLOSED,ROAD_CLOSED_EVENT,180759.6799999997,661531.8699999992
480,ROAD_CLOSED,ROAD_CLOSED_EVENT,180774.2199999997,661479.4800000004
481,ROAD_CLOSED,ROAD_CLOSED_EVENT,179116.7000000002,665979.1099999994
484,ROAD_CLOSED,ROAD_CLOSED_EVENT,179494.9299999997,663510.6500000004
485,ROAD_CLOSED,ROAD_CLOSED_EVENT,177395.46999999974,662145.5199999996
486,ROAD_CLOSED,ROAD_CLOSED_EVENT,177437.83000000007,662499.7699999996
488,ROAD_CLOSED,ROAD_CLOSED_EVENT,178618.1799999997,665686.4600000009
490,ROAD_CLOSED,ROAD_CLOSED_EVENT,180794.6399999997,661410.1999999993
491,ROAD_CLOSED,ROAD_CLOSED_EVENT,180321.3200000003,662385.4100000001
493,ROAD_CLOSED,ROAD_CLOSED_EVENT,177424.86000000034,662262.4000000004
495,ROAD_CLOSED,ROAD_CLOSED_EVENT,177321.38999999966,661428.4299999997
497,ROAD_CLOSED,ROAD_CLOSED_EVENT,177401.2000000002,662045.3599999994
498,ROAD_CLOSED,ROAD_CLOSED_EVENT,178698.5599999996,663005.4399999995
501,ROAD_CLOSED,ROAD_CLOSED_EVENT,179222.96999999974,663009.2200000007
504,ROAD_CLOSED,ROAD_CLOSED_EVENT,180789.41999999995,661429.6300000008
506,JAM,JAM_HEAVY_TRAFFIC,178160.75999999978,665197.7100000009
512,ROAD_CLOSED,ROAD_CLOSED_EVENT,177408.16000000015,662268.3399999999
514,ROAD_CLOSED,ROAD_CLOSED_EVENT,177405.6900000004,662240.8399999999
515,JAM,JAM_MODERATE_TRAFFIC,179925.45999999996,664148.4299999997
516,ROAD_CLOSED,ROAD_CLOSED_EVENT,179733.25,662487.6500000004
517,ROAD_CLOSED,ROAD_CLOSED_EVENT,180794.6399999997,661410.1999999993
518,JAM,JAM_STAND_STILL_TRAFFIC,179627.01999999955,666233.0
519,ROAD_CLOSED,ROAD_CLOSED_EVENT,182658.25999999975,669383.8599999994
520,ROAD_CLOSED,ROAD_CLOSED_EVENT,177424.86000000034,662262.4000000004
522,ROAD_CLOSED,ROAD_CLOSED_CONSTRUCTION,178477.63999999966,663114.5099999998
523,ROAD_CLOSED,ROAD_CLOSED_EVENT,179434.73000000045,663473.0600000005
525,ROAD_CLOSED,ROAD_CLOSED_EVENT,180749.91999999995,661572.5
528,ROAD_CLOSED,ROAD_CLOSED_EVENT,179748.33000000007,666135.5099999998
529,ROAD_CLOSED,ROAD_CLOSED_EVENT,179107.7000000002,663112.9000000004
531,ROAD_CLOSED,ROAD_CLOSED_EVENT,177349.91999999993,661773.3100000005
532,ROAD_CLOSED,ROAD_CLOSED_EVENT,179318.16999999993,663393.6600000001
533,ROAD_CLOSED,ROAD_CLOSED_EVENT,178678.98000000045,665826.8399999999
536,ROAD_CLOSED,ROAD_CLOSED_EVENT,178733.74000000022,662995.6600000001
537,ROAD_CLOSED,ROAD_CLOSED_EVENT,179062.41999999993,665885.5
539,ROAD_CLOSED,ROAD_CLOSED_EVENT,180344.96,664164.5899999999
542,ROAD_CLOSED,ROAD_CLOSED_EVENT,179719.23000000045,665936.1300000008
543,ROAD_CLOSED,ROAD_CLOSED_EVENT,180067.6200000001,662404.2200000007
544,ROAD_CLOSED,ROAD_CLOSED_EVENT,178073.21999999974,664542.1099999994
545,ROAD_CLOSED,ROAD_CLOSED_EVENT,179485.95999999996,663510.0199999996
548,ROAD_CLOSED,ROAD_CLOSED_EVENT,180636.83000000007,664833.2699999996
551,ROAD_CLOSED,ROAD_CLOSED_EVENT,177321.38999999966,661428.4299999997
554,ROAD_CLOSED,ROAD_CLOSED_EVENT,180749.91999999995,661572.5
555,ROAD_CLOSED,ROAD_CLOSED_EVENT,178580.53000000026,663032.5
558,ROAD_CLOSED,ROAD_CLOSED_EVENT,177386.4299999997,662058.9399999995
561,ROAD_CLOSED,ROAD_CLOSED_EVENT,178284.33999999985,664471.3399999999
563,ROAD_CLOSED,ROAD_CLOSED_CONSTRUCTION,178327.86000000034,663276.1999999993
564,ROAD_CLOSED,ROAD_CLOSED_EVENT,179193.58000000007,662978.9499999993
567,ROAD_CLOSED,ROAD_CLOSED_EVENT,177437.83000000007,662499.7699999996
569,ROAD_CLOSED,ROAD_CLOSED_EVENT,178627.33999999985,661095.3599999994
570,ROAD_CLOSED,ROAD_CLOSED_EVENT,180282.23000000045,662389.2100000009
571,ROAD_CLOSED,ROAD_CLOSED_CONSTRUCTION,178596.75,663405.3699999992
573,ROAD_CLOSED,ROAD_CLOSED_EVENT,178672.3799999999,665806.7899999991
576,ROAD_CLOSED,ROAD_CLOSED_EVENT,178693.75,665885.8900000006
580,ROAD_CLOSED,ROAD_CLOSED_EVENT,178618.1799999997,665686.4600000009
581,ROAD_CLOSED,ROAD_CLOSED_EVENT,181425.6900000004,668421.3200000003
582,ROAD_CLOSED,ROAD_CLOSED_EVENT,179414.65000000037,663458.7200000007
585,ROAD_CLOSED,ROAD_CLOSED_EVENT,178582.48000000045,661212.8599999994
589,ROAD_CLOSED,ROAD_CLOSED_EVENT,183021.00999999975,668137.2799999993
590,ROAD_CLOSED,ROAD_CLOSED_EVENT,177334.5,661514.4299999997
591,ROAD_CLOSED,ROAD_CLOSED_EVENT,177408.16000000015,662268.3399999999
593,ROAD_CLOSED,ROAD_CLOSED_EVENT,178698.5599999996,663005.4399999995
595,ROAD_CLOSED,ROAD_CLOSED_EVENT,177405.6900000004,662240.8399999999
596,ROAD_CLOSED,ROAD_CLOSED_EVENT,180067.6200000001,662404.2200000007
598,ROAD_CLOSED,ROAD_CLOSED_EVENT,178661.00999999978,663015.4499999993
599,ROAD_CLOSED,ROAD_CLOSED_EVENT,179691.03000000026,662438.3599999994
600,ROAD_CLOSED,ROAD_CLOSED_EVENT,179733.25,662487.6500000004
601,ROAD_CLOSED,ROAD_CLOSED_EVENT,178672.3799999999,665806.7899999991
603,ROAD_CLOSED,ROAD_CLOSED_EVENT,178576.95999999996,661132.4800000004
604,ROAD_CLOSED,ROAD_CLOSED_EVENT,180291.1900000004,668864.3000000007
607,ROAD_CLOSED,ROAD_CLOSED_EVENT,177349.91999999993,661773.3100000005
611,ROAD_CLOSED,ROAD_CLOSED_EVENT,180398.11000000036,662389.0
612,ROAD_CLOSED,ROAD_CLOSED_EVENT,178693.75,665885.8900000006
615,ROAD_CLOSED,ROAD_CLOSED_EVENT,179273.79000000004,663060.5999999996
616,ROAD_CLOSED,ROAD_CLOSED_EVENT,179318.16999999993,663393.6600000001
621,ROAD_CLOSED,ROAD_CLOSED_EVENT,178233.41000000015,664486.7300000004
625,ROAD_CLOSED,ROAD_CLOSED_EVENT,179957.88999999966,662405.4100000001
626,ROAD_CLOSED,ROAD_CLOSED_EVENT,179182.24000000022,665961.1099999994
627,ROAD_CLOSED,ROAD_CLOSED_EVENT,180636.83000000007,664833.2699999996
628,ROAD_CLOSED,ROAD_CLOSED_EVENT,181342.98000000045,668185.9800000004
629,ROAD_CLOSED,ROAD_CLOSED_EVENT,178618.1799999997,665686.4600000009
630,ROAD_CLOSED,ROAD_CLOSED_EVENT,177424.86000000034,662262.4000000004
631,ROAD_CLOSED,ROAD_CLOSED_EVENT,181445.04000000004,668673.0800000001
632,ROAD_CLOSED,ROAD_CLOSED_EVENT,178491.23000000045,663020.3100000005
633,ROAD_CLOSED,ROAD_CLOSED_EVENT,181436.3700000001,668475.5
635,ROAD_CLOSED,ROAD_CLOSED_EVENT,179055.76999999955,663114.8699999992
637,ROAD_CLOSED,ROAD_CLOSED_EVENT,179414.65000000037,663458.7200000007
640,ROAD_CLOSED,ROAD_CLOSED_EVENT,179022.34999999963,665899.0600000005
644,ROAD_CLOSED,ROAD_CLOSED_EVENT,179100.08999999985,663100.0700000003
645,ROAD_CLOSED,ROAD_CLOSED_EVENT,179100.08999999985,663100.0700000003
647,ROAD_CLOSED,ROAD_CLOSED_EVENT,179062.41999999993,665885.5
648,ROAD_CLOSED,ROAD_CLOSED_EVENT,179115.53000000026,665875.9800000004
650,ROAD_CLOSED,ROAD_CLOSED_EVENT,179694.4400000004,665825.2200000007
651,ROAD_CLOSED,ROAD_CLOSED_EVENT,179614.96999999974,662548.9800000004
652,ROAD_CLOSED,ROAD_CLOSED_EVENT,177395.46999999974,662145.5199999996
653,ROAD_CLOSED,ROAD_CLOSED_EVENT,178547.0,665523.4900000002
655,ROAD_CLOSED,ROAD_CLOSED_EVENT,177381.6299999999,661904.2699999996
656,ROAD_CLOSED,ROAD_CLOSED_EVENT,177403.1200000001,662212.1300000008
659,ROAD_CLOSED,ROAD_CLOSED_EVENT,177321.38999999966,661428.4299999997
661,ROAD_CLOSED,ROAD_CLOSED_EVENT,177366.4400000004,661908.0899999999
662,ROAD_CLOSED,ROAD_CLOSED_EVENT,177437.83000000007,662499.7699999996
665,ROAD_CLOSED,ROAD_CLOSED_EVENT,179434.73000000045,663473.0600000005
666,ROAD_CLOSED,ROAD_CLOSED_EVENT,179434.73000000045,663473.0600000005
669,ROAD_CLOSED,ROAD_CLOSED_EVENT,178259.73000000045,664620.9199999999
670,ROAD_CLOSED,ROAD_CLOSED_EVENT,180789.41999999995,661429.6300000008
672,ROAD_CLOSED,ROAD_CLOSED_EVENT,177401.2000000002,662045.3599999994
673,ROAD_CLOSED,ROAD_CLOSED_EVENT,177408.16000000015,662268.3399999999
674,ROAD_CLOSED,ROAD_CLOSED_EVENT,177413.54000000004,662175.6099999994
676,ROAD_CLOSED,ROAD_CLOSED_EVENT,179341.53000000026,663426.5099999998
677,ROAD_CLOSED,ROAD_CLOSED_EVENT,178540.1799999997,663026.1099999994
680,ROAD_CLOSED,ROAD_CLOSED_EVENT,179674.59999999963,663477.4800000004
681,ROAD_CLOSED,ROAD_CLOSED_CONSTRUCTION,179038.88999999966,665666.2400000002
682,ROAD_CLOSED,ROAD_CLOSED_EVENT,178698.5599999996,663005.4399999995
688,ROAD_CLOSED,ROAD_CLOSED_EVENT,177405.6900000004,662240.8399999999
690,ROAD_CLOSED,ROAD_CLOSED_EVENT,182695.59999999963,668331.6799999997
692,ROAD_CLOSED,ROAD_CLOSED_EVENT,180067.6200000001,662404.2200000007
694,ROAD_CLOSED,ROAD_CLOSED_EVENT,177363.59999999963,661768.3800000008
695,ROAD_CLOSED,ROAD_CLOSED_EVENT,178693.75,665885.8900000006
696,ROAD_CLOSED,ROAD_CLOSED_EVENT,178693.75,665885.8900000006
699,ROAD_CLOSED,ROAD_CLOSED_EVENT,177395.46999999974,662145.5199999996
701,ROAD_CLOSED,ROAD_CLOSED_EVENT,178661.00999999978,663015.4499999993
703,ROAD_CLOSED,ROAD_CLOSED_EVENT,179748.33000000007,666135.5099999998
705,ROAD_CLOSED,ROAD_CLOSED_EVENT,178073.21999999974,664542.1099999994
708,ROAD_CLOSED,ROAD_CLOSED_EVENT,180759.6799999997,661531.8699999992
710,ROAD_CLOSED,ROAD_CLOSED_EVENT,179404.41000000015,663471.5099999998
711,ROAD_CLOSED,ROAD_CLOSED_EVENT,178672.3799999999,665806.7899999991
714,ROAD_CLOSED,ROAD_CLOSED_EVENT,180794.6399999997,661410.1999999993
715,ROAD_CLOSED,ROAD_CLOSED_EVENT,179075.4500000002,663147.9499999993
716,ROAD_CLOSED,ROAD_CLOSED_EVENT,179974.5599999996,662395.0299999993
717,ROAD_CLOSED,ROAD_CLOSED_EVENT,179177.2000000002,662945.9700000007
718,ROAD_CLOSED,ROAD_CLOSED_EVENT,179177.2000000002,662945.9700000007
719,ROAD_CLOSED,ROAD_CLOSED_EVENT,180774.2199999997,661479.4800000004
720,ROAD_CLOSED,ROAD_CLOSED_EVENT,178578.91999999993,665596.5600000005
721,ROAD_CLOSED,ROAD_CLOSED_EVENT,178618.1799999997,665686.4600000009
723,ROAD_CLOSED,ROAD_CLOSED_EVENT,177321.38999999966,661428.4299999997
726,ROAD_CLOSED,ROAD_CLOSED_EVENT,177363.59999999963,661768.3800000008
729,ROAD_CLOSED,ROAD_CLOSED_EVENT,177412.58000000007,662309.3499999996
730,ROAD_CLOSED,ROAD_CLOSED_EVENT,180789.41999999995,661429.6300000008
732,ROAD_CLOSED,ROAD_CLOSED_EVENT,179100.08999999985,663100.0700000003
733,ROAD_CLOSED,ROAD_CLOSED_EVENT,178547.0,665523.4900000002
734,ROAD_CLOSED,ROAD_CLOSED_EVENT,180344.96,664164.5899999999
737,JAM,JAM_HEAVY_TRAFFIC,180460.6399999997,665029.8900000006
739,JAM,JAM_MODERATE_TRAFFIC,177167.58000000007,662396.2200000007
741,ROAD_CLOSED,ROAD_CLOSED_EVENT,179177.2000000002,662945.9700000007
742,JAM,JAM_STAND_STILL_TRAFFIC,178432.3799999999,660881.4100000001
743,ROAD_CLOSED,ROAD_CLOSED_EVENT,178693.75,665885.8900000006
744,JAM,JAM_STAND_STILL_TRAFFIC,182556.5,662059.0299999993
745,ROAD_CLOSED,ROAD_CLOSED_EVENT,179100.08999999985,663100.0700000003
747,JAM,JAM_HEAVY_TRAFFIC,179296.9400000004,662391.7200000007
750,ROAD_CLOSED,ROAD_CLOSED_EVENT,178618.1799999997,665686.4600000009
752,JAM,JAM_MODERATE_TRAFFIC,182962.3899999997,668610.2300000004
753,JAM,JAM_HEAVY_TRAFFIC,180885.86000000036,661653.9299999997
754,ROAD_CLOSED,ROAD_CLOSED_EVENT,178698.5599999996,663005.4399999995
755,ROAD_CLOSED,ROAD_CLOSED_EVENT,179748.33000000007,666135.5099999998
758,JAM,JAM_STAND_STILL_TRAFFIC,184194.6399999997,669257.1699999999
759,ROAD_CLOSED,ROAD_CLOSED_EVENT,177437.83000000007,662499.7699999996
760,ROAD_CLOSED,ROAD_CLOSED_EVENT,178618.1799999997,665686.4600000009
762,JAM,JAM_STAND_STILL_TRAFFIC,180276.3799999999,664525.5800000001
763,JAM,JAM_STAND_STILL_TRAFFIC,178236.16000000015,665445.2699999996
764,JAM,JAM_HEAVY_TRAFFIC,182588.3200000003,669565.6500000004
765,ROAD_CLOSED,ROAD_CLOSED_EVENT,177434.91000000015,662363.7100000009
770,JAM,JAM_STAND_STILL_TRAFFIC,179634.24000000022,661608.7599999998
772,JAM,JAM_HEAVY_TRAFFIC,181570.66999999995,667685.5500000007
774,ROAD_CLOSED,ROAD_CLOSED_EVENT,179719.23000000045,665936.1300000008
775,JAM,JAM_HEAVY_TRAFFIC,179939.4500000002,665854.2300000004
776,ROAD_CLOSED,ROAD_CLOSED_EVENT,180774.2199999997,661479.4800000004
777,JAM,JAM_STAND_STILL_TRAFFIC,176594.9400000004,660703.0600000005
779,ROAD_CLOSED,ROAD_CLOSED_EVENT,177334.5,661514.4299999997
781,JAM,JAM_HEAVY_TRAFFIC,182882.1399999997,669549.0199999996
782,ROAD_CLOSED,ROAD_CLOSED_EVENT,180468.24000000025,661860.9900000002
783,JAM,JAM_STAND_STILL_TRAFFIC,179075.0700000003,663458.2300000004
785,ROAD_CLOSED,ROAD_CLOSED_EVENT,178491.23000000045,663020.3100000005
787,JAM,JAM_MODERATE_TRAFFIC,180706.2199999997,667162.75
788,JAM,JAM_STAND_STILL_TRAFFIC,182550.8099999996,662078.9000000004
790,ROAD_CLOSED,ROAD_CLOSED_EVENT,178578.91999999993,665596.5600000005
791,JAM,JAM_STAND_STILL_TRAFFIC,180972.5700000003,665006.0999999996
792,ROAD_CLOSED,ROAD_CLOSED_EVENT,179694.4400000004,665825.2200000007
793,ROAD_CLOSED,ROAD_CLOSED_EVENT,177434.91000000015,662363.7100000009
794,JAM,JAM_STAND_STILL_TRAFFIC,179551.76999999955,666568.1799999997
795,WEATHERHAZARD,HAZARD_ON_ROAD_CAR_STOPPED,178969.84999999963,665232.4700000007
796,ROAD_CLOSED,ROAD_CLOSED_EVENT,179177.2000000002,662945.9700000007
798,JAM,JAM_HEAVY_TRAFFIC,179339.7000000002,663921.7599999998
799,ROAD_CLOSED,ROAD_CLOSED_EVENT,178813.41999999993,666065.5299999993
801,ROAD_CLOSED,ROAD_CLOSED_EVENT,177408.16000000015,662268.3399999999
802,ROAD_CLOSED,ROAD_CLOSED_EVENT,179719.23000000045,665936.1300000008
803,ROAD_CLOSED,ROAD_CLOSED_EVENT,178672.3799999999,665806.7899999991
804,JAM,JAM_STAND_STILL_TRAFFIC,181576.2000000002,661506.8300000001
805,ROAD_CLOSED,ROAD_CLOSED_EVENT,178618.1799999997,665686.4600000009
806,JAM,,180581.9400000004,667842.4299999997
808,ROAD_CLOSED,ROAD_CLOSED_EVENT,180244.75,664183.7100000009
810,JAM,JAM_STAND_STILL_TRAFFIC,178837.3200000003,666919.9800000004
811,ROAD_CLOSED,ROAD_CLOSED_EVENT,177386.4299999997,662058.9399999995
815,ROAD_CLOSED,ROAD_CLOSED_EVENT,180344.96,664164.5899999999
817,ROAD_CLOSED,ROAD_CLOSED_EVENT,178661.00999999978,663015.4499999993
818,JAM,JAM_MODERATE_TRAFFIC,178480.66999999993,663093.9800000004
819,WEATHERHAZARD,HAZARD_ON_ROAD_CONSTRUCTION,178084.6299999999,662379.2200000007
820,ROAD_CLOSED,ROAD_CLOSED_EVENT,179225.83999999985,663041.8200000003
822,ROAD_CLOSED,ROAD_CLOSED_EVENT,179045.6900000004,665999.7799999993
823,ROAD_CLOSED,ROAD_CLOSED_EVENT,177366.4400000004,661908.0899999999
824,ROAD_CLOSED,ROAD_CLOSED_EVENT,177401.2000000002,662045.3599999994
826,ROAD_CLOSED,ROAD_CLOSED_EVENT,178580.53000000026,663032.5
828,JAM,,180731.71,666966.9299999997
830,ROAD_CLOSED,ROAD_CLOSED_EVENT,179116.7000000002,665979.1099999994
834,ROAD_CLOSED,ROAD_CLOSED_EVENT,178733.74000000022,662995.6600000001
835,ROAD_CLOSED,ROAD_CLOSED_EVENT,177395.46999999974,662145.5199999996
836,ROAD_CLOSED,ROAD_CLOSED_EVENT,179116.7000000002,665979.1099999994
838,ROAD_CLOSED,ROAD_CLOSED_EVENT,179719.23000000045,665936.1300000008
839,JAM,JAM_HEAVY_TRAFFIC,179367.63999999966,666053.0099999998
841,ROAD_CLOSED,ROAD_CLOSED_EVENT,178747.04000000004,666085.1899999995
843,ROAD_CLOSED,ROAD_CLOSED_EVENT,180770.2999999998,661493.5800000001
844,ROAD_CLOSED,ROAD_CLOSED_EVENT,177321.38999999966,661428.4299999997
847,ROAD_CLOSED,ROAD_CLOSED_EVENT,177363.59999999963,661768.3800000008
848,ROAD_CLOSED,ROAD_CLOSED_EVENT,180468.24000000025,661860.9900000002
849,ROAD_CLOSED,ROAD_CLOSED_EVENT,179177.2000000002,662945.9700000007
850,JAM,JAM_MODERATE_TRAFFIC,180067.8099999996,664039.0999999996
852,ROAD_CLOSED,ROAD_CLOSED_EVENT,178678.98000000045,665826.8399999999
853,ROAD_CLOSED,ROAD_CLOSED_EVENT,180135.2000000002,662368.6999999993
854,ROAD_CLOSED,ROAD_CLOSED_EVENT,179100.08999999985,663100.0700000003
856,ROAD_CLOSED,ROAD_CLOSED_EVENT,180344.96,664164.5899999999
857,WEATHERHAZARD,HAZARD_ON_ROAD_CAR_STOPPED,176643.1799999997,659865.5199999996
859,WEATHERHAZARD,HAZARD_ON_ROAD_CONSTRUCTION,182513.00999999975,662150.0099999998
860,ROAD_CLOSED,ROAD_CLOSED_EVENT,180774.2199999997,661479.4800000004
862,JAM,JAM_HEAVY_TRAFFIC,179627.09999999963,664178.2799999993
863,JAM,JAM_HEAVY_TRAFFIC,180827.91999999995,670426.8499999996
864,ROAD_CLOSED,ROAD_CLOSED_EVENT,177321.38999999966,661428.4299999997
866,ROAD_CLOSED,ROAD_CLOSED_EVENT,178540.1799999997,663026.1099999994
867,ROAD_CLOSED,ROAD_CLOSED_EVENT,178580.53000000026,663032.5
868,ROAD_CLOSED,ROAD_CLOSED_EVENT,177395.46999999974,662145.5199999996
869,ROAD_CLOSED,ROAD_CLOSED_EVENT,180759.6799999997,661531.8699999992
870,ROAD_CLOSED,ROAD_CLOSED_EVENT,179107.7000000002,663112.9000000004
873,JAM,JAM_STAND_STILL_TRAFFIC,179976.6799999997,663964.7100000009
874,ROAD_CLOSED,ROAD_CLOSED_EVENT,180135.2000000002,662368.6999999993
875,ROAD_CLOSED,ROAD_CLOSED_EVENT,178733.74000000022,662995.6600000001
877,ROAD_CLOSED,ROAD_CLOSED_EVENT,180344.96,664164.5899999999
878,JAM,JAM_STAND_STILL_TRAFFIC,179636.99000000022,664146.3000000007
879,ROAD_CLOSED,ROAD_CLOSED_EVENT,177405.6900000004,662240.8399999999
880,JAM,JAM_MODERATE_TRAFFIC,180607.0,669089.7699999996
881,ROAD_CLOSED,ROAD_CLOSED_EVENT,180774.2199999997,661479.4800000004
883,JAM,JAM_HEAVY_TRAFFIC,180464.58000000007,661644.0999999996
885,ROAD_CLOSED,ROAD_CLOSED_EVENT,177434.91000000015,662363.7100000009
886,ROAD_CLOSED,ROAD_CLOSED_EVENT,177413.54000000004,662175.6099999994
887,ROAD_CLOSED,ROAD_CLOSED_EVENT,178698.5599999996,663005.4399999995
888,ROAD_CLOSED,ROAD_CLOSED_EVENT,178580.53000000026,663032.5
890,JAM,JAM_MODERATE_TRAFFIC,183269.6500000004,668142.6600000001
891,ROAD_CLOSED,ROAD_CLOSED_EVENT,179075.4500000002,663147.9499999993
892,ROAD_CLOSED,ROAD_CLOSED_EVENT,177349.91999999993,661773.3100000005
894,WEATHERHAZARD,HAZARD_ON_ROAD_CONSTRUCTION,179693.3099999996,662465.5199999996
895,ROAD_CLOSED,ROAD_CLOSED_EVENT,178813.41999999993,666065.5299999993
897,ROAD_CLOSED,ROAD_CLOSED_EVENT,177395.46999999974,662145.5199999996
898,ROAD_CLOSED,ROAD_CLOSED_EVENT,177437.83000000007,662499.7699999996
899,ROAD_CLOSED,ROAD_CLOSED_EVENT,180789.41999999995,661429.6300000008
901,ROAD_CLOSED,ROAD_CLOSED_EVENT,178661.00999999978,663015.4499999993
902,ROAD_CLOSED,ROAD_CLOSED_EVENT,180794.6399999997,661410.1999999993
2,JAM,,179867.38999999966,661597.5700000003
21,JAM,JAM_HEAVY_TRAFFIC,178318.5499999998,663591.1699999999
25,ROAD_CLOSED,ROAD_CLOSED_EVENT,179694.4400000004,665825.2200000007
39,ROAD_CLOSED,ROAD_CLOSED_EVENT,179116.7000000002,665979.1099999994
43,ROAD_CLOSED,ROAD_CLOSED_EVENT,179211.83999999985,663036.8800000008
44,WEATHERHAZARD,HAZARD_ON_SHOULDER_CAR_STOPPED,180569.23000000045,668024.1199999992
47,WEATHERHAZARD,HAZARD_ON_ROAD_CONSTRUCTION,178330.41000000015,663207.7699999996
52,ROAD_CLOSED,ROAD_CLOSED_EVENT,178626.95999999996,663024.7799999993
56,JAM,,178172.16999999993,663843.4499999993
61,ROAD_CLOSED,ROAD_CLOSED_EVENT,177405.6900000004,662240.8399999999
62,JAM,JAM_HEAVY_TRAFFIC,182280.3200000003,668413.5399999991
64,ROAD_CLOSED,ROAD_CLOSED_EVENT,180636.83000000007,664833.2699999996
67,ROAD_CLOSED,ROAD_CLOSED_EVENT,179045.6900000004,665999.7799999993
71,JAM,JAM_STAND_STILL_TRAFFIC,181086.6299999999,665281.2400000002
74,ROAD_CLOSED,ROAD_CLOSED_EVENT,178626.95999999996,663024.7799999993
78,JAM,JAM_STAND_STILL_TRAFFIC,181515.5499999998,663785.0099999998
79,ROAD_CLOSED,ROAD_CLOSED_EVENT,178491.23000000045,663020.3100000005
81,ROAD_CLOSED,ROAD_CLOSED_EVENT,179115.53000000026,665875.9800000004
83,ROAD_CLOSED,ROAD_CLOSED_EVENT,177437.83000000007,662499.7699999996
87,ROAD_CLOSED,ROAD_CLOSED_EVENT,178578.91999999993,665596.5600000005
91,JAM,JAM_STAND_STILL_TRAFFIC,178954.29000000004,663552.2799999993
92,ROAD_CLOSED,ROAD_CLOSED_EVENT,177347.7999999998,661625.0600000005
107,ROAD_CLOSED,ROAD_CLOSED_EVENT,178578.91999999993,665596.5600000005
115,ROAD_CLOSED,ROAD_CLOSED_EVENT,177413.54000000004,662175.6099999994
121,ROAD_CLOSED,ROAD_CLOSED_EVENT,179116.38999999966,665972.2300000004
131,JAM,JAM_STAND_STILL_TRAFFIC,177640.4500000002,662696.0600000005
136,ROAD_CLOSED,ROAD_CLOSED_EVENT,179225.83999999985,663041.8200000003
137,JAM,JAM_STAND_STILL_TRAFFIC,180056.20999999996,663651.3599999994
139,JAM,JAM_HEAVY_TRAFFIC,182971.66000000012,669536.9199999999
142,ROAD_CLOSED,ROAD_CLOSED_EVENT,178693.75,665885.8900000006
151,ROAD_CLOSED,ROAD_CLOSED_EVENT,180344.96,664164.5899999999
159,JAM,JAM_STAND_STILL_TRAFFIC,182098.09999999963,667882.0600000005
165,JAM,JAM_HEAVY_TRAFFIC,178589.76999999955,661289.3499999996
166,ROAD_CLOSED,ROAD_CLOSED_EVENT,179719.23000000045,665936.1300000008
170,JAM,JAM_STAND_STILL_TRAFFIC,182909.25,668160.8800000008
177,JAM,JAM_HEAVY_TRAFFIC,181060.29000000004,671413.8000000007
178,JAM,JAM_STAND_STILL_TRAFFIC,176693.61000000034,662268.4900000002
182,JAM,JAM_STAND_STILL_TRAFFIC,177815.04000000004,661787.6300000008
187,ROAD_CLOSED,ROAD_CLOSED_EVENT,177334.5,661514.4299999997
189,ROAD_CLOSED,ROAD_CLOSED_EVENT,177356.33999999985,661702.3200000003
190,JAM,JAM_STAND_STILL_TRAFFIC,183783.91999999995,670392.8200000003
192,JAM,JAM_HEAVY_TRAFFIC,181462.28000000023,669677.1500000004
203,JAM,JAM_STAND_STILL_TRAFFIC,179542.3799999999,664629.7100000009
205,ROAD_CLOSED,ROAD_CLOSED_EVENT,178578.91999999993,665596.5600000005
220,JAM,JAM_MODERATE_TRAFFIC,177617.59999999963,663294.0800000001
226,ROAD_CLOSED,ROAD_CLOSED_EVENT,182658.25999999975,669383.8599999994
235,ROAD_CLOSED,ROAD_CLOSED_EVENT,179107.7000000002,663112.9000000004
246,ROAD_CLOSED,ROAD_CLOSED_EVENT,182658.25999999975,669383.8599999994
250,ROAD_CLOSED,ROAD_CLOSED_CONSTRUCTION,179117.66000000015,663981.2599999998
251,ROAD_CLOSED,ROAD_CLOSED_EVENT,178698.5599999996,663005.4399999995
253,ROAD_CLOSED,ROAD_CLOSED_EVENT,180759.6799999997,661531.8699999992
256,ROAD_CLOSED,ROAD_CLOSED_EVENT,179116.7000000002,665979.1099999994
258,ROAD_CLOSED,ROAD_CLOSED_EVENT,179055.76999999955,663114.8699999992
259,ROAD_CLOSED,ROAD_CLOSED_EVENT,179193.58000000007,662978.9499999993
262,ROAD_CLOSED,ROAD_CLOSED_EVENT,176766.50999999978,661726.2799999993
265,JAM,JAM_HEAVY_TRAFFIC,180592.6200000001,664480.6899999995
269,ROAD_CLOSED,ROAD_CLOSED_EVENT,179694.4400000004,665825.2200000007
278,ROAD_CLOSED,ROAD_CLOSED_EVENT,179116.7000000002,665979.1099999994
279,JAM,JAM_HEAVY_TRAFFIC,179404.36000000034,663892.2400000002
301,ROAD_CLOSED,ROAD_CLOSED_EVENT,180789.41999999995,661429.6300000008
302,JAM,JAM_HEAVY_TRAFFIC,177949.59999999963,662870.8800000008
303,ROAD_CLOSED,ROAD_CLOSED_EVENT,180135.2000000002,662368.6999999993
310,JAM,JAM_STAND_STILL_TRAFFIC,183668.26999999955,669814.1799999997
311,ROAD_CLOSED,ROAD_CLOSED_EVENT,178747.04000000004,666085.1899999995
317,JAM,JAM_HEAVY_TRAFFIC,179742.84999999963,664537.3499999996
318,JAM,JAM_MODERATE_TRAFFIC,180983.16999999995,665861.4900000002
321,JAM,JAM_STAND_STILL_TRAFFIC,179555.5499999998,663702.2699999996
325,ROAD_CLOSED,ROAD_CLOSED_EVENT,177395.46999999974,662145.5199999996
331,ROAD_CLOSED,ROAD_CLOSED_EVENT,182658.25999999975,669383.8599999994
332,JAM,JAM_STAND_STILL_TRAFFIC,180548.41999999995,670035.6799999997
333,ROAD_CLOSED,ROAD_CLOSED_EVENT,178909.51999999955,666038.7699999996
335,JAM,JAM_MODERATE_TRAFFIC,181300.8899999997,672063.5
339,ROAD_CLOSED,ROAD_CLOSED_EVENT,180759.6799999997,661531.8699999992
352,JAM,JAM_STAND_STILL_TRAFFIC,178439.33999999985,663804.9600000009
355,JAM,JAM_MODERATE_TRAFFIC,179699.9299999997,666674.6300000008
362,JAM,JAM_STAND_STILL_TRAFFIC,177472.88999999966,662872.3499999996
370,ROAD_CLOSED,ROAD_CLOSED_EVENT,180749.91999999995,661572.5
371,JAM,JAM_STAND_STILL_TRAFFIC,181034.11000000036,662321.6099999994
379,JAM,JAM_STAND_STILL_TRAFFIC,177415.38999999966,662942.3100000005
381,JAM,JAM_STAND_STILL_TRAFFIC,180867.54000000004,666239.7400000002
405,ROAD_CLOSED,ROAD_CLOSED_EVENT,180135.2000000002,662368.6999999993
406,ROAD_CLOSED,ROAD_CLOSED_EVENT,177437.83000000007,662499.7699999996
407,JAM,JAM_STAND_STILL_TRAFFIC,183812.84999999963,668465.6300000008
414,ROAD_CLOSED,ROAD_CLOSED_EVENT,177321.38999999966,661428.4299999997
418,ROAD_CLOSED,ROAD_CLOSED_EVENT,178693.75,665885.8900000006
420,JAM,JAM_HEAVY_TRAFFIC,179557.45999999996,664502.7899999991
425,ROAD_CLOSED,ROAD_CLOSED_EVENT,178491.23000000045,663020.3100000005
427,ROAD_CLOSED,ROAD_CLOSED_EVENT,179062.41999999993,665885.5
429,ROAD_CLOSED,ROAD_CLOSED_EVENT,178747.04000000004,666085.1899999995
435,ROAD_CLOSED,ROAD_CLOSED_EVENT,177424.86000000034,662262.4000000004
440,ROAD_CLOSED,ROAD_CLOSED_EVENT,178580.53000000026,663032.5
463,ROAD_CLOSED,ROAD_CLOSED_EVENT,178693.75,665885.8900000006
465,ROAD_CLOSED,ROAD_CLOSED_EVENT,179022.34999999963,665899.0600000005
466,ROAD_CLOSED,ROAD_CLOSED_EVENT,179115.53000000026,665875.9800000004
468,ROAD_CLOSED,ROAD_CLOSED_EVENT,180789.41999999995,661429.6300000008
471,ROAD_CLOSED,ROAD_CLOSED_EVENT,182658.25999999975,669383.8599999994
476,ROAD_CLOSED,ROAD_CLOSED_EVENT,180749.91999999995,661572.5
482,ROAD_CLOSED,ROAD_CLOSED_EVENT,179182.24000000022,665961.1099999994
487,ROAD_CLOSED,ROAD_CLOSED_EVENT,179674.59999999963,663477.4800000004
489,ROAD_CLOSED,ROAD_CLOSED_EVENT,179882.91999999993,663430.5600000005
500,ROAD_CLOSED,ROAD_CLOSED_EVENT,177395.46999999974,662145.5199999996
503,ROAD_CLOSED,ROAD_CLOSED_EVENT,177419.7000000002,662364.0999999996
505,JAM,JAM_STAND_STILL_TRAFFIC,179731.91999999993,661806.3399999999
507,ROAD_CLOSED,ROAD_CLOSED_EVENT,178813.41999999993,666065.5299999993
508,ROAD_CLOSED,ROAD_CLOSED_EVENT,179193.58000000007,662978.9499999993
510,ROAD_CLOSED,ROAD_CLOSED_EVENT,178547.0,665523.4900000002
513,ROAD_CLOSED,ROAD_CLOSED_EVENT,180123.75,664122.7300000004
526,ROAD_CLOSED,ROAD_CLOSED_EVENT,180770.2999999998,661493.5800000001
527,ROAD_CLOSED,ROAD_CLOSED_EVENT,178693.75,665885.8900000006
534,ROAD_CLOSED,ROAD_CLOSED_EVENT,178491.23000000045,663020.3100000005
540,ROAD_CLOSED,ROAD_CLOSED_EVENT,177408.16000000015,662268.3399999999
552,ROAD_CLOSED,ROAD_CLOSED_EVENT,177334.5,661514.4299999997
556,ROAD_CLOSED,ROAD_CLOSED_EVENT,180759.6799999997,661531.8699999992
559,ROAD_CLOSED,ROAD_CLOSED_EVENT,177412.58000000007,662309.3499999996
560,ROAD_CLOSED,ROAD_CLOSED_EVENT,180789.41999999995,661429.6300000008
565,ROAD_CLOSED,ROAD_CLOSED_EVENT,179062.41999999993,665885.5
566,ROAD_CLOSED,,177866.58999999985,662824.0600000005
568,ROAD_CLOSED,ROAD_CLOSED_EVENT,180789.41999999995,661429.6300000008
572,ROAD_CLOSED,ROAD_CLOSED_EVENT,178073.21999999974,664542.1099999994
575,WEATHERHAZARD,HAZARD_ON_ROAD_CONSTRUCTION,180187.5499999998,664213.4199999999
578,ROAD_CLOSED,ROAD_CLOSED_EVENT,179211.83999999985,663036.8800000008
586,ROAD_CLOSED,ROAD_CLOSED_EVENT,177395.46999999974,662145.5199999996
588,ROAD_CLOSED,ROAD_CLOSED_EVENT,179116.7000000002,665979.1099999994
592,ROAD_CLOSED,ROAD_CLOSED_EVENT,178540.1799999997,663026.1099999994
594,ROAD_CLOSED,ROAD_CLOSED_EVENT,180123.75,664122.7300000004
597,ROAD_CLOSED,ROAD_CLOSED_EVENT,179766.98000000045,662951.1699999999
602,ROAD_CLOSED,ROAD_CLOSED_EVENT,179974.5599999996,662395.0299999993
605,ROAD_CLOSED,ROAD_CLOSED_EVENT,177419.7000000002,662364.0999999996
606,ROAD_CLOSED,ROAD_CLOSED_EVENT,178254.65000000037,664765.3200000003
610,WEATHERHAZARD,HAZARD_ON_ROAD_CONSTRUCTION,180187.5499999998,664213.4199999999
617,ROAD_CLOSED,ROAD_CLOSED_EVENT,178284.33999999985,664471.3399999999
622,ROAD_CLOSED,ROAD_CLOSED_EVENT,182782.2999999998,668239.7599999998
623,ROAD_CLOSED,ROAD_CLOSED_EVENT,178233.41000000015,664486.7300000004
624,ROAD_CLOSED,ROAD_CLOSED_EVENT,178678.98000000045,665826.8399999999
634,ROAD_CLOSED,ROAD_CLOSED_EVENT,181436.3700000001,668475.5
641,ROAD_CLOSED,ROAD_CLOSED_EVENT,179728.61000000034,662725.3100000005
642,ROAD_CLOSED,ROAD_CLOSED_EVENT,179222.96999999974,663009.2200000007
646,ROAD_CLOSED,ROAD_CLOSED_EVENT,179494.9299999997,663510.6500000004
658,ROAD_CLOSED,ROAD_CLOSED_EVENT,183119.1500000004,668130.25
668,ROAD_CLOSED,ROAD_CLOSED_EVENT,178259.73000000045,664620.9199999999
671,ROAD_CLOSED,ROAD_CLOSED_EVENT,177401.2000000002,662045.3599999994
678,ROAD_CLOSED,ROAD_CLOSED_EVENT,180749.91999999995,661572.5
679,ROAD_CLOSED,ROAD_CLOSED_EVENT,180183.76999999955,662400.3399999999
683,ROAD_CLOSED,ROAD_CLOSED_EVENT,177356.33999999985,661702.3200000003
687,ROAD_CLOSED,ROAD_CLOSED_EVENT,180282.23000000045,662389.2100000009
691,ROAD_CLOSED,ROAD_CLOSED_EVENT,178738.1799999997,661886.2699999996
693,ROAD_CLOSED,ROAD_CLOSED_EVENT,180067.6200000001,662404.2200000007
700,ROAD_CLOSED,ROAD_CLOSED_EVENT,179882.91999999993,663430.5600000005
702,ROAD_CLOSED,ROAD_CLOSED_EVENT,180468.24000000025,661860.9900000002
706,ROAD_CLOSED,ROAD_CLOSED_EVENT,178073.21999999974,664542.1099999994
709,ROAD_CLOSED,ROAD_CLOSED_EVENT,179222.96999999974,663009.2200000007
713,ROAD_CLOSED,ROAD_CLOSED_EVENT,180794.6399999997,661410.1999999993
731,ROAD_CLOSED,ROAD_CLOSED_EVENT,179055.76999999955,663114.8699999992
735,ROAD_CLOSED,ROAD_CLOSED_EVENT,179719.23000000045,665936.1300000008
738,JAM,JAM_STAND_STILL_TRAFFIC,182179.8700000001,662423.7400000002
746,ROAD_CLOSED,ROAD_CLOSED_EVENT,177403.1200000001,662212.1300000008
748,ROAD_CLOSED,ROAD_CLOSED_EVENT,178578.91999999993,665596.5600000005
749,ROAD_CLOSED,ROAD_CLOSED_EVENT,180794.6399999997,661410.1999999993
751,JAM,JAM_STAND_STILL_TRAFFIC,177631.99000000022,662590.7400000002
756,ROAD_CLOSED,ROAD_CLOSED_EVENT,179107.7000000002,663112.9000000004
761,JAM,JAM_MODERATE_TRAFFIC,181482.71,662956.8800000008
769,ROAD_CLOSED,ROAD_CLOSED_EVENT,177349.91999999993,661773.3100000005
771,JAM,JAM_MODERATE_TRAFFIC,178882.8799999999,665916.0
778,ROAD_CLOSED,ROAD_CLOSED_EVENT,178909.51999999955,666038.7699999996
780,ROAD_CLOSED,ROAD_CLOSED_EVENT,178540.1799999997,663026.1099999994
786,ROAD_CLOSED,ROAD_CLOSED_EVENT,178547.0,665523.4900000002
797,ROAD_CLOSED,ROAD_CLOSED_EVENT,177349.91999999993,661773.3100000005
800,ROAD_CLOSED,ROAD_CLOSED_EVENT,177395.46999999974,662145.5199999996
807,ROAD_CLOSED,ROAD_CLOSED_EVENT,177366.4400000004,661908.0899999999
809,JAM,JAM_MODERATE_TRAFFIC,178333.13999999966,661637.3000000007
812,JAM,JAM_STAND_STILL_TRAFFIC,180387.09999999963,666680.1300000008
821,JAM,JAM_MODERATE_TRAFFIC,181142.75999999975,664843.7799999993
827,ROAD_CLOSED,ROAD_CLOSED_EVENT,180759.6799999997,661531.8699999992
833,ROAD_CLOSED,ROAD_CLOSED_EVENT,180135.2000000002,662368.6999999993
845,ROAD_CLOSED,ROAD_CLOSED_EVENT,177401.2000000002,662045.3599999994
851,ROAD_CLOSED,ROAD_CLOSED_EVENT,179116.7000000002,665979.1099999994
855,ROAD_CLOSED,ROAD_CLOSED_EVENT,178547.0,665523.4900000002
865,ROAD_CLOSED,ROAD_CLOSED_EVENT,177347.7999999998,661625.0600000005
876,ROAD_CLOSED,ROAD_CLOSED_EVENT,177381.6299999999,661904.2699999996
896,ROAD_CLOSED,ROAD_CLOSED_EVENT,178733.74000000022,662995.6600000001
17,ROAD_CLOSED,ROAD_CLOSED_EVENT,179115.53000000026,665875.9800000004
19,ROAD_CLOSED,ROAD_CLOSED_EVENT,178747.04000000004,666085.1899999995
20,ROAD_CLOSED,ROAD_CLOSED_EVENT,178618.1799999997,665686.4600000009
28,ROAD_CLOSED,ROAD_CLOSED_EVENT,180749.91999999995,661572.5
30,ROAD_CLOSED,ROAD_CLOSED_EVENT,177363.59999999963,661768.3800000008
35,ROAD_CLOSED,ROAD_CLOSED_EVENT,178678.98000000045,665826.8399999999
42,ROAD_CLOSED,ROAD_CLOSED_EVENT,178672.3799999999,665806.7899999991
46,JAM,,177931.41000000015,664130.3499999996
59,JAM,JAM_STAND_STILL_TRAFFIC,180444.84999999963,664704.9199999999
65,JAM,JAM_STAND_STILL_TRAFFIC,180789.4699999997,664251.6199999992
73,ROAD_CLOSED,ROAD_CLOSED_EVENT,177395.46999999974,662145.5199999996
85,ROAD_CLOSED,ROAD_CLOSED_EVENT,179719.23000000045,665936.1300000008
88,ROAD_CLOSED,ROAD_CLOSED_EVENT,178618.1799999997,665686.4600000009
93,ROAD_CLOSED,ROAD_CLOSED_EVENT,178540.1799999997,663026.1099999994
96,ROAD_CLOSED,ROAD_CLOSED_EVENT,179748.33000000007,666135.5099999998
97,JAM,JAM_STAND_STILL_TRAFFIC,179600.25,663782.2699999996
98,ROAD_CLOSED,ROAD_CLOSED_EVENT,177419.7000000002,662364.0999999996
105,JAM,JAM_STAND_STILL_TRAFFIC,180671.4400000004,667400.8499999996
106,ROAD_CLOSED,ROAD_CLOSED_EVENT,177405.6900000004,662240.8399999999
114,JAM,JAM_STAND_STILL_TRAFFIC,177885.9299999997,663558.2100000009
116,ROAD_CLOSED,ROAD_CLOSED_EVENT,180749.91999999995,661572.5
130,ROAD_CLOSED,ROAD_CLOSED_EVENT,178618.1799999997,665686.4600000009
132,ROAD_CLOSED,ROAD_CLOSED_EVENT,178578.91999999993,665596.5600000005
134,ROAD_CLOSED,ROAD_CLOSED_EVENT,180774.2199999997,661479.4800000004
138,ROAD_CLOSED,ROAD_CLOSED_EVENT,177434.91000000015,662363.7100000009
149,ROAD_CLOSED,ROAD_CLOSED_EVENT,178733.74000000022,662995.6600000001
150,ROAD_CLOSED,ROAD_CLOSED_EVENT,177381.6299999999,661904.2699999996
152,ROAD_CLOSED,ROAD_CLOSED_EVENT,177405.6900000004,662240.8399999999
155,ROAD_CLOSED,ROAD_CLOSED_EVENT,179211.83999999985,663036.8800000008
171,JAM,JAM_MODERATE_TRAFFIC,183902.53000000023,668093.4700000007
179,JAM,JAM_HEAVY_TRAFFIC,182085.33000000007,667875.7799999993
188,ROAD_CLOSED,ROAD_CLOSED_EVENT,180244.75,664183.7100000009
201,JAM,JAM_STAND_STILL_TRAFFIC,179370.3200000003,665319.7799999993
202,ROAD_CLOSED,ROAD_CLOSED_EVENT,177405.6900000004,662240.8399999999
207,ROAD_CLOSED,ROAD_CLOSED_EVENT,179225.83999999985,663041.8200000003
208,ROAD_CLOSED,ROAD_CLOSED_EVENT,180770.2999999998,661493.5800000001
212,JAM,JAM_STAND_STILL_TRAFFIC,178949.36000000034,666228.1400000006
213,WEATHERHAZARD,HAZARD_ON_ROAD_CAR_STOPPED,178728.78000000026,663645.1799999997
216,ROAD_CLOSED,ROAD_CLOSED_EVENT,177412.58000000007,662309.3499999996
224,ROAD_CLOSED,ROAD_CLOSED_EVENT,177405.6900000004,662240.8399999999
228,ROAD_CLOSED,ROAD_CLOSED_EVENT,178909.51999999955,666038.7699999996
231,ROAD_CLOSED,ROAD_CLOSED_EVENT,180749.91999999995,661572.5
232,ROAD_CLOSED,ROAD_CLOSED_EVENT,178580.53000000026,663032.5
238,ROAD_CLOSED,ROAD_CLOSED_EVENT,180135.2000000002,662368.6999999993
241,ROAD_CLOSED,ROAD_CLOSED_EVENT,180344.96,664164.5899999999
242,JAM,,178523.9299999997,664176.4600000009
243,ROAD_CLOSED,ROAD_CLOSED_EVENT,178661.00999999978,663015.4499999993
248,ROAD_CLOSED,ROAD_CLOSED_EVENT,179045.6900000004,665999.7799999993
252,JAM,JAM_HEAVY_TRAFFIC,180282.0499999998,665826.6600000001
255,ROAD_CLOSED,ROAD_CLOSED_EVENT,177419.7000000002,662364.0999999996
266,JAM,JAM_STAND_STILL_TRAFFIC,179415.7999999998,664590.7100000009
268,JAM,JAM_STAND_STILL_TRAFFIC,183682.8899999997,668227.4800000004
270,ROAD_CLOSED,ROAD_CLOSED_EVENT,177321.38999999966,661428.4299999997
272,ROAD_CLOSED,ROAD_CLOSED_EVENT,178540.1799999997,663026.1099999994
280,ROAD_CLOSED,ROAD_CLOSED_EVENT,179022.34999999963,665899.0600000005
281,ROAD_CLOSED,ROAD_CLOSED_EVENT,179062.41999999993,665885.5
282,ROAD_CLOSED,ROAD_CLOSED_EVENT,177381.6299999999,661904.2699999996
288,JAM,JAM_STAND_STILL_TRAFFIC,180135.04000000004,664527.6600000001
289,ROAD_CLOSED,ROAD_CLOSED_EVENT,178618.1799999997,665686.4600000009
292,ROAD_CLOSED,ROAD_CLOSED_EVENT,177434.91000000015,662363.7100000009
298,ROAD_CLOSED,ROAD_CLOSED_EVENT,180759.6799999997,661531.8699999992
299,ROAD_CLOSED,ROAD_CLOSED_EVENT,179107.7000000002,663112.9000000004
309,ROAD_CLOSED,ROAD_CLOSED_EVENT,178661.00999999978,663015.4499999993
313,JAM,JAM_STAND_STILL_TRAFFIC,177464.4299999997,662743.0800000001
319,JAM,JAM_STAND_STILL_TRAFFIC,177958.00999999978,662547.0399999991
342,JAM,JAM_STAND_STILL_TRAFFIC,179118.6200000001,663556.3200000003
345,JAM,JAM_HEAVY_TRAFFIC,178727.01999999955,661788.2899999991
346,ROAD_CLOSED,ROAD_CLOSED_EVENT,178618.1799999997,665686.4600000009
354,ROAD_CLOSED,ROAD_CLOSED_EVENT,179177.2000000002,662945.9700000007
361,JAM,JAM_STAND_STILL_TRAFFIC,178208.0,663130.5
365,JAM,JAM_HEAVY_TRAFFIC,180781.74000000025,665697.6899999995
366,JAM,,181110.8099999996,665258.8599999994
369,ROAD_CLOSED,ROAD_CLOSED_EVENT,177381.58999999985,662031.7899999991
376,ROAD_CLOSED,ROAD_CLOSED_EVENT,179062.41999999993,665885.5
380,JAM,JAM_STAND_STILL_TRAFFIC,178145.0,663267.1300000008
387,JAM,JAM_STAND_STILL_TRAFFIC,179604.3700000001,664233.1400000006
391,ROAD_CLOSED,ROAD_CLOSED_EVENT,179100.08999999985,663100.0700000003
392,ROAD_CLOSED,ROAD_CLOSED_EVENT,177395.46999999974,662145.5199999996
393,ROAD_CLOSED,ROAD_CLOSED_EVENT,180789.41999999995,661429.6300000008
396,JAM,JAM_STAND_STILL_TRAFFIC,180386.16000000012,662965.6799999997
408,ROAD_CLOSED,ROAD_CLOSED_EVENT,178661.00999999978,663015.4499999993
410,JAM,JAM_STAND_STILL_TRAFFIC,180733.21,668898.4499999993
421,ROAD_CLOSED,ROAD_CLOSED_EVENT,179075.4500000002,663147.9499999993
426,ROAD_CLOSED,ROAD_CLOSED_EVENT,179022.34999999963,665899.0600000005
437,ROAD_CLOSED,ROAD_CLOSED_EVENT,177321.38999999966,661428.4299999997
449,ROAD_CLOSED,ROAD_CLOSED_EVENT,178747.04000000004,666085.1899999995
451,JAM,JAM_HEAVY_TRAFFIC,180858.36000000036,666360.4199999999
454,ROAD_CLOSED,ROAD_CLOSED_EVENT,179084.16000000015,663131.1799999997
455,ROAD_CLOSED,ROAD_CLOSED_EVENT,179694.4400000004,665825.2200000007
461,ROAD_CLOSED,ROAD_CLOSED_EVENT,179177.2000000002,662945.9700000007
474,JAM,JAM_STAND_STILL_TRAFFIC,182315.91000000012,668001.6600000001
475,ROAD_CLOSED,ROAD_CLOSED_EVENT,177401.2000000002,662045.3599999994
477,ROAD_CLOSED,ROAD_CLOSED_EVENT,178738.1799999997,661886.2699999996
483,ROAD_CLOSED,ROAD_CLOSED_EVENT,179414.65000000037,663458.7200000007
492,ROAD_CLOSED,ROAD_CLOSED_EVENT,182658.25999999975,669383.8599999994
494,ROAD_CLOSED,ROAD_CLOSED_EVENT,179694.4400000004,665825.2200000007
496,ROAD_CLOSED,ROAD_CLOSED_EVENT,177334.5,661514.4299999997
499,ROAD_CLOSED,ROAD_CLOSED_EVENT,178580.53000000026,663032.5
502,ROAD_CLOSED,ROAD_CLOSED_EVENT,179107.7000000002,663112.9000000004
509,ROAD_CLOSED,ROAD_CLOSED_EVENT,179062.41999999993,665885.5
511,ROAD_CLOSED,ROAD_CLOSED_EVENT,180344.96,664164.5899999999
521,ROAD_CLOSED,ROAD_CLOSED_EVENT,180770.2999999998,661493.5800000001
524,ROAD_CLOSED,ROAD_CLOSED_EVENT,177401.2000000002,662045.3599999994
530,ROAD_CLOSED,ROAD_CLOSED_EVENT,179177.2000000002,662945.9700000007
535,ROAD_CLOSED,ROAD_CLOSED_EVENT,180135.2000000002,662368.6999999993
538,ROAD_CLOSED,ROAD_CLOSED_EVENT,177381.6299999999,661904.2699999996
541,ROAD_CLOSED,ROAD_CLOSED_EVENT,179674.59999999963,663477.4800000004
547,ROAD_CLOSED,ROAD_CLOSED_EVENT,180774.2199999997,661479.4800000004
549,WEATHERHAZARD,HAZARD_ON_ROAD_CONSTRUCTION,180851.5499999998,666429.6400000006
550,ROAD_CLOSED,ROAD_CLOSED_EVENT,178909.51999999955,666038.7699999996
553,ROAD_CLOSED,ROAD_CLOSED_EVENT,177381.58999999985,662031.7899999991
557,ROAD_CLOSED,,178327.86000000034,663276.1999999993
562,ROAD_CLOSED,ROAD_CLOSED_EVENT,181445.04000000004,668673.0800000001
574,ROAD_CLOSED,ROAD_CLOSED_EVENT,177419.7000000002,662364.0999999996
577,ROAD_CLOSED,ROAD_CLOSED_EVENT,178284.33999999985,664471.3399999999
579,ROAD_CLOSED,ROAD_CLOSED_EVENT,179957.88999999966,662405.4100000001
583,ROAD_CLOSED,ROAD_CLOSED_EVENT,179222.96999999974,663009.2200000007
584,ROAD_CLOSED,ROAD_CLOSED_EVENT,180770.2999999998,661493.5800000001
587,ROAD_CLOSED,ROAD_CLOSED_EVENT,177403.1200000001,662212.1300000008
608,ROAD_CLOSED,ROAD_CLOSED_EVENT,180321.3200000003,662385.4100000001
609,WEATHERHAZARD,HAZARD_ON_ROAD_CONSTRUCTION,180187.5499999998,664213.4199999999
613,ROAD_CLOSED,ROAD_CLOSED_EVENT,178693.75,665885.8900000006
614,ROAD_CLOSED,ROAD_CLOSED_EVENT,180789.41999999995,661429.6300000008
618,ROAD_CLOSED,ROAD_CLOSED_CONSTRUCTION,179038.88999999966,665666.2400000002
619,ROAD_CLOSED,ROAD_CLOSED_EVENT,178578.91999999993,665596.5600000005
620,ROAD_CLOSED,ROAD_CLOSED_EVENT,178747.04000000004,666085.1899999995
636,ROAD_CLOSED,ROAD_CLOSED_EVENT,179681.75999999978,662507.3699999992
638,ROAD_CLOSED,ROAD_CLOSED_EVENT,180135.2000000002,662368.6999999993
639,ROAD_CLOSED,ROAD_CLOSED_EVENT,179084.16000000015,663131.1799999997
643,ROAD_CLOSED,ROAD_CLOSED_EVENT,179702.99000000022,662573.9299999997
649,ROAD_CLOSED,ROAD_CLOSED_EVENT,179694.4400000004,665825.2200000007
654,ROAD_CLOSED,ROAD_CLOSED_EVENT,179045.6900000004,665999.7799999993
657,ROAD_CLOSED,ROAD_CLOSED_EVENT,177426.34999999963,662419.4100000001
660,ROAD_CLOSED,ROAD_CLOSED_EVENT,177321.38999999966,661428.4299999997
663,ROAD_CLOSED,ROAD_CLOSED_EVENT,180344.96,664164.5899999999
664,ROAD_CLOSED,ROAD_CLOSED_EVENT,183021.00999999975,668137.2799999993
667,ROAD_CLOSED,ROAD_CLOSED_EVENT,177334.5,661514.4299999997
675,ROAD_CLOSED,ROAD_CLOSED_EVENT,180244.75,664183.7100000009
684,ROAD_CLOSED,ROAD_CLOSED_EVENT,177356.33999999985,661702.3200000003
685,ROAD_CLOSED,ROAD_CLOSED_EVENT,179719.23000000045,665936.1300000008
686,ROAD_CLOSED,ROAD_CLOSED_EVENT,179719.23000000045,665936.1300000008
689,ROAD_CLOSED,ROAD_CLOSED_EVENT,180770.2999999998,661493.5800000001
697,ROAD_CLOSED,ROAD_CLOSED_EVENT,179459.23000000045,663508.2300000004
698,ROAD_CLOSED,ROAD_CLOSED_EVENT,177395.46999999974,662145.5199999996
704,ROAD_CLOSED,ROAD_CLOSED_EVENT,179691.03000000026,662438.3599999994
707,ROAD_CLOSED,ROAD_CLOSED_EVENT,180759.6799999997,661531.8699999992
712,ROAD_CLOSED,ROAD_CLOSED_EVENT,178672.3799999999,665806.7899999991
722,ROAD_CLOSED,ROAD_CLOSED_EVENT,180770.2999999998,661493.5800000001
724,ROAD_CLOSED,ROAD_CLOSED_EVENT,177401.2000000002,662045.3599999994
725,ROAD_CLOSED,ROAD_CLOSED_EVENT,180749.91999999995,661572.5
727,ROAD_CLOSED,ROAD_CLOSED_EVENT,179748.33000000007,666135.5099999998
728,ROAD_CLOSED,ROAD_CLOSED_EVENT,177386.4299999997,662058.9399999995
736,ROAD_CLOSED,ROAD_CLOSED_EVENT,178672.3799999999,665806.7899999991
740,ROAD_CLOSED,ROAD_CLOSED_EVENT,178580.53000000026,663032.5
757,JAM,,178474.1299999999,665925.3100000005
766,JAM,JAM_HEAVY_TRAFFIC,183106.1299999999,668131.3000000007
767,ROAD_CLOSED,ROAD_CLOSED_EVENT,177363.59999999963,661768.3800000008
768,JAM,JAM_HEAVY_TRAFFIC,180255.76999999955,664273.2599999998
773,ROAD_CLOSED,ROAD_CLOSED_EVENT,177403.1200000001,662212.1300000008
784,ROAD_CLOSED,ROAD_CLOSED_EVENT,177412.58000000007,662309.3499999996
813,JAM,JAM_STAND_STILL_TRAFFIC,179829.2999999998,663800.1500000004
814,JAM,JAM_STAND_STILL_TRAFFIC,180203.48000000045,663591.8100000005
816,ROAD_CLOSED,ROAD_CLOSED_EVENT,178618.1799999997,665686.4600000009
825,ROAD_CLOSED,ROAD_CLOSED_EVENT,178540.1799999997,663026.1099999994
829,ROAD_CLOSED,ROAD_CLOSED_EVENT,180774.2199999997,661479.4800000004
831,ROAD_CLOSED,ROAD_CLOSED_EVENT,179182.24000000022,665961.1099999994
832,JAM,JAM_STAND_STILL_TRAFFIC,178318.6900000004,661569.0399999991
837,ROAD_CLOSED,ROAD_CLOSED_EVENT,177408.16000000015,662268.3399999999
840,JAM,JAM_HEAVY_TRAFFIC,177273.96999999974,662179.8000000007
842,WEATHERHAZARD,HAZARD_ON_ROAD_CAR_STOPPED,178306.91000000015,663607.4000000004
846,ROAD_CLOSED,ROAD_CLOSED_EVENT,178540.1799999997,663026.1099999994
858,WEATHERHAZARD,HAZARD_ON_ROAD_CAR_STOPPED,178795.78000000026,666800.2599999998
861,ROAD_CLOSED,ROAD_CLOSED_EVENT,182658.25999999975,669383.8599999994
871,ROAD_CLOSED,ROAD_CLOSED_EVENT,179116.38999999966,665972.2300000004
872,JAM,JAM_HEAVY_TRAFFIC,180698.61000000036,667122.9700000007
882,WEATHERHAZARD,HAZARD_ON_ROAD_CONSTRUCTION,178084.6299999999,662379.2200000007
884,ROAD_CLOSED,ROAD_CLOSED_EVENT,178909.51999999955,666038.7699999996
889,ROAD_CLOSED,ROAD_CLOSED_EVENT,177395.46999999974,662145.5199999996
893,ROAD_CLOSED,ROAD_CLOSED_EVENT,178693.75,665885.8900000006
900,JAM,JAM_STAND_STILL_TRAFFIC,179497.74000000022,665308.0999999996
